,id,from,to,priority,shape,length,speed,lane_id,from_region,to_region,region
0,A0A1,A0,A1,-1,"1.60,3.20 1.60,92.80",89.60,13.89,A0A1_0,2,2,2
1,A0B0,A0,B0,-1,"3.20,-1.60 92.80,-1.60",89.60,13.89,A0B0_0,2,2,2
2,A1A0,A1,A0,-1,"-1.60,92.80 -1.60,3.20",89.60,13.89,A1A0_0,2,2,2
3,A1A2,A1,A2,-1,"1.60,107.20 1.60,192.80",85.60,13.89,A1A2_0,2,2,2
4,A1B1,A1,B1,-1,"7.20,98.40 92.80,98.40",85.60,13.89,A1B1_0,2,2,2
5,A2A1,A2,A1,-1,"-1.60,192.80 -1.60,107.20",85.60,13.89,A2A1_0,2,2,2
6,A2A3,A2,A3,-1,"1.60,207.20 1.60,292.80",85.60,13.89,A2A3_0,2,2,2
7,A2B2,A2,B2,-1,"7.20,198.40 92.80,198.40",85.60,13.89,A2B2_0,2,2,2
8,A3A2,A3,A2,-1,"-1.60,292.80 -1.60,207.20",85.60,13.89,A3A2_0,2,2,2
9,A3A4,A3,A4,-1,"1.60,307.20 1.60,396.80",89.60,13.89,A3A4_0,2,2,2
10,A3B3,A3,B3,-1,"7.20,298.40 92.80,298.40",85.60,13.89,A3B3_0,2,2,2
11,A4A3,A4,A3,-1,"-1.60,396.80 -1.60,307.20",89.60,13.89,A4A3_0,2,2,2
12,A4B4,A4,B4,-1,"3.20,398.40 92.80,398.40",89.60,13.89,A4B4_0,2,2,2
13,A5A6,A5,A6,-1,"1.60,503.20 1.60,592.80",89.60,13.89,A5A6_0,0,0,0
14,A5B5,A5,B5,-1,"3.20,498.40 92.80,498.40",89.60,13.89,A5B5_0,0,0,0
15,A6A5,A6,A5,-1,"-1.60,592.80 -1.60,503.20",89.60,13.89,A6A5_0,0,0,0
16,A6A7,A6,A7,-1,"1.60,607.20 1.60,692.80",85.60,13.89,A6A7_0,0,0,0
17,A6B6,A6,B6,-1,"7.20,598.40 92.80,598.40",85.60,13.89,A6B6_0,0,0,0
18,A7A6,A7,A6,-1,"-1.60,692.80 -1.60,607.20",85.60,13.89,A7A6_0,0,0,0
19,A7A8,A7,A8,-1,"1.60,707.20 1.60,792.80",85.60,13.89,A7A8_0,0,0,0
20,A7B7,A7,B7,-1,"7.20,698.40 92.80,698.40",85.60,13.89,A7B7_0,0,0,0
21,A8A7,A8,A7,-1,"-1.60,792.80 -1.60,707.20",85.60,13.89,A8A7_0,0,0,0
22,A8A9,A8,A9,-1,"1.60,807.20 1.60,896.80",89.60,13.89,A8A9_0,0,0,0
23,A8B8,A8,B8,-1,"7.20,798.40 92.80,798.40",85.60,13.89,A8B8_0,0,0,0
24,A9A8,A9,A8,-1,"-1.60,896.80 -1.60,807.20",89.60,13.89,A9A8_0,0,0,0
25,A9B9,A9,B9,-1,"3.20,898.40 92.80,898.40",89.60,13.89,A9B9_0,0,0,0
26,B0A0,B0,A0,-1,"92.80,1.60 3.20,1.60",89.60,13.89,B0A0_0,2,2,2
27,B0B1,B0,B1,-1,"101.60,7.20 101.60,92.80",85.60,13.89,B0B1_0,2,2,2
28,B0C0,B0,C0,-1,"107.20,-1.60 192.80,-1.60",85.60,13.89,B0C0_0,2,2,2
29,B1A1,B1,A1,-1,"92.80,101.60 7.20,101.60",85.60,13.89,B1A1_0,2,2,2
30,B1B0,B1,B0,-1,"98.40,92.80 98.40,7.20",85.60,13.89,B1B0_0,2,2,2
31,B1B2,B1,B2,-1,"101.60,107.20 101.60,192.80",85.60,13.89,B1B2_0,2,2,2
32,B1C1,B1,C1,-1,"107.20,98.40 192.80,98.40",85.60,13.89,B1C1_0,2,2,2
33,B2A2,B2,A2,-1,"92.80,201.60 7.20,201.60",85.60,13.89,B2A2_0,2,2,2
34,B2B1,B2,B1,-1,"98.40,192.80 98.40,107.20",85.60,13.89,B2B1_0,2,2,2
35,B2B3,B2,B3,-1,"101.60,207.20 101.60,292.80",85.60,13.89,B2B3_0,2,2,2
36,B2C2,B2,C2,-1,"107.20,198.40 192.80,198.40",85.60,13.89,B2C2_0,2,2,2
37,B3A3,B3,A3,-1,"92.80,301.60 7.20,301.60",85.60,13.89,B3A3_0,2,2,2
38,B3B2,B3,B2,-1,"98.40,292.80 98.40,207.20",85.60,13.89,B3B2_0,2,2,2
39,B3B4,B3,B4,-1,"101.60,307.20 101.60,392.80",85.60,13.89,B3B4_0,2,2,2
40,B3C3,B3,C3,-1,"107.20,298.40 192.80,298.40",85.60,13.89,B3C3_0,2,2,2
41,B4A4,B4,A4,-1,"92.80,401.60 3.20,401.60",89.60,13.89,B4A4_0,2,2,2
42,B4B3,B4,B3,-1,"98.40,392.80 98.40,307.20",85.60,13.89,B4B3_0,2,2,2
43,B4B5,B4,B5,-1,"101.60,407.20 101.60,492.80",85.60,13.89,B4B5_0,2,0,-1
44,B4C4,B4,C4,-1,"107.20,398.40 192.80,398.40",85.60,13.89,B4C4_0,2,2,2
45,B5A5,B5,A5,-1,"92.80,501.60 3.20,501.60",89.60,13.89,B5A5_0,0,0,0
46,B5B4,B5,B4,-1,"98.40,492.80 98.40,407.20",85.60,13.89,B5B4_0,0,2,-1
47,B5B6,B5,B6,-1,"101.60,507.20 101.60,592.80",85.60,13.89,B5B6_0,0,0,0
48,B5C5,B5,C5,-1,"107.20,498.40 192.80,498.40",85.60,13.89,B5C5_0,0,0,0
49,B6A6,B6,A6,-1,"92.80,601.60 7.20,601.60",85.60,13.89,B6A6_0,0,0,0
50,B6B5,B6,B5,-1,"98.40,592.80 98.40,507.20",85.60,13.89,B6B5_0,0,0,0
51,B6B7,B6,B7,-1,"101.60,607.20 101.60,692.80",85.60,13.89,B6B7_0,0,0,0
52,B6C6,B6,C6,-1,"107.20,598.40 192.80,598.40",85.60,13.89,B6C6_0,0,0,0
53,B7A7,B7,A7,-1,"92.80,701.60 7.20,701.60",85.60,13.89,B7A7_0,0,0,0
54,B7B6,B7,B6,-1,"98.40,692.80 98.40,607.20",85.60,13.89,B7B6_0,0,0,0
55,B7B8,B7,B8,-1,"101.60,707.20 101.60,792.80",85.60,13.89,B7B8_0,0,0,0
56,B7C7,B7,C7,-1,"107.20,698.40 192.80,698.40",85.60,13.89,B7C7_0,0,0,0
57,B8A8,B8,A8,-1,"92.80,801.60 7.20,801.60",85.60,13.89,B8A8_0,0,0,0
58,B8B7,B8,B7,-1,"98.40,792.80 98.40,707.20",85.60,13.89,B8B7_0,0,0,0
59,B8B9,B8,B9,-1,"101.60,807.20 101.60,892.80",85.60,13.89,B8B9_0,0,0,0
60,B8C8,B8,C8,-1,"107.20,798.40 192.80,798.40",85.60,13.89,B8C8_0,0,0,0
61,B9A9,B9,A9,-1,"92.80,901.60 3.20,901.60",89.60,13.89,B9A9_0,0,0,0
62,B9B8,B9,B8,-1,"98.40,892.80 98.40,807.20",85.60,13.89,B9B8_0,0,0,0
63,B9C9,B9,C9,-1,"107.20,898.40 192.80,898.40",85.60,13.89,B9C9_0,0,0,0
64,C0B0,C0,B0,-1,"192.80,1.60 107.20,1.60",85.60,13.89,C0B0_0,2,2,2
65,C0C1,C0,C1,-1,"201.60,7.20 201.60,92.80",85.60,13.89,C0C1_0,2,2,2
66,C0D0,C0,D0,-1,"207.20,-1.60 292.80,-1.60",85.60,13.89,C0D0_0,2,2,2
67,C1B1,C1,B1,-1,"192.80,101.60 107.20,101.60",85.60,13.89,C1B1_0,2,2,2
68,C1C0,C1,C0,-1,"198.40,92.80 198.40,7.20",85.60,13.89,C1C0_0,2,2,2
69,C1C2,C1,C2,-1,"201.60,107.20 201.60,192.80",85.60,13.89,C1C2_0,2,2,2
70,C1D1,C1,D1,-1,"207.20,98.40 292.80,98.40",85.60,13.89,C1D1_0,2,2,2
71,C2B2,C2,B2,-1,"192.80,201.60 107.20,201.60",85.60,13.89,C2B2_0,2,2,2
72,C2C1,C2,C1,-1,"198.40,192.80 198.40,107.20",85.60,13.89,C2C1_0,2,2,2
73,C2C3,C2,C3,-1,"201.60,207.20 201.60,292.80",85.60,13.89,C2C3_0,2,2,2
74,C2D2,C2,D2,-1,"207.20,198.40 292.80,198.40",85.60,13.89,C2D2_0,2,2,2
75,C3B3,C3,B3,-1,"192.80,301.60 107.20,301.60",85.60,13.89,C3B3_0,2,2,2
76,C3C2,C3,C2,-1,"198.40,292.80 198.40,207.20",85.60,13.89,C3C2_0,2,2,2
77,C3C4,C3,C4,-1,"201.60,307.20 201.60,392.80",85.60,13.89,C3C4_0,2,2,2
78,C3D3,C3,D3,-1,"207.20,298.40 292.80,298.40",85.60,13.89,C3D3_0,2,2,2
79,C4B4,C4,B4,-1,"192.80,401.60 107.20,401.60",85.60,13.89,C4B4_0,2,2,2
80,C4C3,C4,C3,-1,"198.40,392.80 198.40,307.20",85.60,13.89,C4C3_0,2,2,2
81,C4D4,C4,D4,-1,"207.20,398.40 292.80,398.40",85.60,13.89,C4D4_0,2,2,2
82,C5B5,C5,B5,-1,"192.80,501.60 107.20,501.60",85.60,13.89,C5B5_0,0,0,0
83,C5C6,C5,C6,-1,"201.60,507.20 201.60,592.80",85.60,13.89,C5C6_0,0,0,0
84,C5D5,C5,D5,-1,"207.20,498.40 292.80,498.40",85.60,13.89,C5D5_0,0,0,0
85,C6B6,C6,B6,-1,"192.80,601.60 107.20,601.60",85.60,13.89,C6B6_0,0,0,0
86,C6C5,C6,C5,-1,"198.40,592.80 198.40,507.20",85.60,13.89,C6C5_0,0,0,0
87,C6C7,C6,C7,-1,"201.60,607.20 201.60,692.80",85.60,13.89,C6C7_0,0,0,0
88,C6D6,C6,D6,-1,"207.20,598.40 292.80,598.40",85.60,13.89,C6D6_0,0,0,0
89,C7B7,C7,B7,-1,"192.80,701.60 107.20,701.60",85.60,13.89,C7B7_0,0,0,0
90,C7C6,C7,C6,-1,"198.40,692.80 198.40,607.20",85.60,13.89,C7C6_0,0,0,0
91,C7C8,C7,C8,-1,"201.60,707.20 201.60,792.80",85.60,13.89,C7C8_0,0,0,0
92,C7D7,C7,D7,-1,"207.20,698.40 292.80,698.40",85.60,13.89,C7D7_0,0,0,0
93,C8B8,C8,B8,-1,"192.80,801.60 107.20,801.60",85.60,13.89,C8B8_0,0,0,0
94,C8C7,C8,C7,-1,"198.40,792.80 198.40,707.20",85.60,13.89,C8C7_0,0,0,0
95,C8C9,C8,C9,-1,"201.60,807.20 201.60,892.80",85.60,13.89,C8C9_0,0,0,0
96,C8D8,C8,D8,-1,"207.20,798.40 292.80,798.40",85.60,13.89,C8D8_0,0,0,0
97,C9B9,C9,B9,-1,"192.80,901.60 107.20,901.60",85.60,13.89,C9B9_0,0,0,0
98,C9C8,C9,C8,-1,"198.40,892.80 198.40,807.20",85.60,13.89,C9C8_0,0,0,0
99,C9D9,C9,D9,-1,"207.20,898.40 292.80,898.40",85.60,13.89,C9D9_0,0,0,0
100,D0C0,D0,C0,-1,"292.80,1.60 207.20,1.60",85.60,13.89,D0C0_0,2,2,2
101,D0D1,D0,D1,-1,"301.60,7.20 301.60,92.80",85.60,13.89,D0D1_0,2,2,2
102,D0E0,D0,E0,-1,"307.20,-1.60 396.80,-1.60",89.60,13.89,D0E0_0,2,2,2
103,D1C1,D1,C1,-1,"292.80,101.60 207.20,101.60",85.60,13.89,D1C1_0,2,2,2
104,D1D0,D1,D0,-1,"298.40,92.80 298.40,7.20",85.60,13.89,D1D0_0,2,2,2
105,D1D2,D1,D2,-1,"301.60,107.20 301.60,192.80",85.60,13.89,D1D2_0,2,2,2
106,D1E1,D1,E1,-1,"307.20,98.40 392.80,98.40",85.60,13.89,D1E1_0,2,2,2
107,D2C2,D2,C2,-1,"292.80,201.60 207.20,201.60",85.60,13.89,D2C2_0,2,2,2
108,D2D1,D2,D1,-1,"298.40,192.80 298.40,107.20",85.60,13.89,D2D1_0,2,2,2
109,D2D3,D2,D3,-1,"301.60,207.20 301.60,292.80",85.60,13.89,D2D3_0,2,2,2
110,D2E2,D2,E2,-1,"307.20,198.40 392.80,198.40",85.60,13.89,D2E2_0,2,2,2
111,D3C3,D3,C3,-1,"292.80,301.60 207.20,301.60",85.60,13.89,D3C3_0,2,2,2
112,D3D2,D3,D2,-1,"298.40,292.80 298.40,207.20",85.60,13.89,D3D2_0,2,2,2
113,D3D4,D3,D4,-1,"301.60,307.20 301.60,392.80",85.60,13.89,D3D4_0,2,2,2
114,D3E3,D3,E3,-1,"307.20,298.40 392.80,298.40",85.60,13.89,D3E3_0,2,2,2
115,D4C4,D4,C4,-1,"292.80,401.60 207.20,401.60",85.60,13.89,D4C4_0,2,2,2
116,D4D3,D4,D3,-1,"298.40,392.80 298.40,307.20",85.60,13.89,D4D3_0,2,2,2
117,D4D5,D4,D5,-1,"301.60,407.20 301.60,492.80",85.60,13.89,D4D5_0,2,0,-1
118,D4E4,D4,E4,-1,"307.20,398.40 396.80,398.40",89.60,13.89,D4E4_0,2,2,2
119,D5C5,D5,C5,-1,"292.80,501.60 207.20,501.60",85.60,13.89,D5C5_0,0,0,0
120,D5D4,D5,D4,-1,"298.40,492.80 298.40,407.20",85.60,13.89,D5D4_0,0,2,-1
121,D5D6,D5,D6,-1,"301.60,507.20 301.60,592.80",85.60,13.89,D5D6_0,0,0,0
122,D5E5,D5,E5,-1,"307.20,498.40 396.80,498.40",89.60,13.89,D5E5_0,0,0,0
123,D6C6,D6,C6,-1,"292.80,601.60 207.20,601.60",85.60,13.89,D6C6_0,0,0,0
124,D6D5,D6,D5,-1,"298.40,592.80 298.40,507.20",85.60,13.89,D6D5_0,0,0,0
125,D6D7,D6,D7,-1,"301.60,607.20 301.60,692.80",85.60,13.89,D6D7_0,0,0,0
126,D6E6,D6,E6,-1,"307.20,598.40 392.80,598.40",85.60,13.89,D6E6_0,0,0,0
127,D7C7,D7,C7,-1,"292.80,701.60 207.20,701.60",85.60,13.89,D7C7_0,0,0,0
128,D7D6,D7,D6,-1,"298.40,692.80 298.40,607.20",85.60,13.89,D7D6_0,0,0,0
129,D7D8,D7,D8,-1,"301.60,707.20 301.60,792.80",85.60,13.89,D7D8_0,0,0,0
130,D7E7,D7,E7,-1,"307.20,698.40 392.80,698.40",85.60,13.89,D7E7_0,0,0,0
131,D8C8,D8,C8,-1,"292.80,801.60 207.20,801.60",85.60,13.89,D8C8_0,0,0,0
132,D8D7,D8,D7,-1,"298.40,792.80 298.40,707.20",85.60,13.89,D8D7_0,0,0,0
133,D8D9,D8,D9,-1,"301.60,807.20 301.60,892.80",85.60,13.89,D8D9_0,0,0,0
134,D8E8,D8,E8,-1,"307.20,798.40 392.80,798.40",85.60,13.89,D8E8_0,0,0,0
135,D9C9,D9,C9,-1,"292.80,901.60 207.20,901.60",85.60,13.89,D9C9_0,0,0,0
136,D9D8,D9,D8,-1,"298.40,892.80 298.40,807.20",85.60,13.89,D9D8_0,0,0,0
137,D9E9,D9,E9,-1,"307.20,898.40 396.80,898.40",89.60,13.89,D9E9_0,0,0,0
138,E0D0,E0,D0,-1,"396.80,1.60 307.20,1.60",89.60,13.89,E0D0_0,2,2,2
139,E0E1,E0,E1,-1,"401.60,3.20 401.60,92.80",89.60,13.89,E0E1_0,2,2,2
140,E1D1,E1,D1,-1,"392.80,101.60 307.20,101.60",85.60,13.89,E1D1_0,2,2,2
141,E1E0,E1,E0,-1,"398.40,92.80 398.40,3.20",89.60,13.89,E1E0_0,2,2,2
142,E1E2,E1,E2,-1,"401.60,107.20 401.60,192.80",85.60,13.89,E1E2_0,2,2,2
143,E1F1,E1,F1,-1,"407.20,98.40 492.80,98.40",85.60,13.89,E1F1_0,2,3,-1
144,E2D2,E2,D2,-1,"392.80,201.60 307.20,201.60",85.60,13.89,E2D2_0,2,2,2
145,E2E1,E2,E1,-1,"398.40,192.80 398.40,107.20",85.60,13.89,E2E1_0,2,2,2
146,E2E3,E2,E3,-1,"401.60,207.20 401.60,292.80",85.60,13.89,E2E3_0,2,2,2
147,E3D3,E3,D3,-1,"392.80,301.60 307.20,301.60",85.60,13.89,E3D3_0,2,2,2
148,E3E2,E3,E2,-1,"398.40,292.80 398.40,207.20",85.60,13.89,E3E2_0,2,2,2
149,E3E4,E3,E4,-1,"401.60,307.20 401.60,396.80",89.60,13.89,E3E4_0,2,2,2
150,E3F3,E3,F3,-1,"407.20,298.40 492.80,298.40",85.60,13.89,E3F3_0,2,3,-1
151,E4D4,E4,D4,-1,"396.80,401.60 307.20,401.60",89.60,13.89,E4D4_0,2,2,2
152,E4E3,E4,E3,-1,"398.40,396.80 398.40,307.20",89.60,13.89,E4E3_0,2,2,2
153,E5D5,E5,D5,-1,"396.80,501.60 307.20,501.60",89.60,13.89,E5D5_0,0,0,0
154,E5E6,E5,E6,-1,"401.60,503.20 401.60,592.80",89.60,13.89,E5E6_0,0,0,0
155,E6D6,E6,D6,-1,"392.80,601.60 307.20,601.60",85.60,13.89,E6D6_0,0,0,0
156,E6E5,E6,E5,-1,"398.40,592.80 398.40,503.20",89.60,13.89,E6E5_0,0,0,0
157,E6E7,E6,E7,-1,"401.60,607.20 401.60,692.80",85.60,13.89,E6E7_0,0,0,0
158,E6F6,E6,F6,-1,"407.20,598.40 492.80,598.40",85.60,13.89,E6F6_0,0,1,-1
159,E7D7,E7,D7,-1,"392.80,701.60 307.20,701.60",85.60,13.89,E7D7_0,0,0,0
160,E7E6,E7,E6,-1,"398.40,692.80 398.40,607.20",85.60,13.89,E7E6_0,0,0,0
161,E7E8,E7,E8,-1,"401.60,707.20 401.60,792.80",85.60,13.89,E7E8_0,0,0,0
162,E8D8,E8,D8,-1,"392.80,801.60 307.20,801.60",85.60,13.89,E8D8_0,0,0,0
163,E8E7,E8,E7,-1,"398.40,792.80 398.40,707.20",85.60,13.89,E8E7_0,0,0,0
164,E8E9,E8,E9,-1,"401.60,807.20 401.60,896.80",89.60,13.89,E8E9_0,0,0,0
165,E8F8,E8,F8,-1,"407.20,798.40 492.80,798.40",85.60,13.89,E8F8_0,0,1,-1
166,E9D9,E9,D9,-1,"396.80,901.60 307.20,901.60",89.60,13.89,E9D9_0,0,0,0
167,E9E8,E9,E8,-1,"398.40,896.80 398.40,807.20",89.60,13.89,E9E8_0,0,0,0
168,F0F1,F0,F1,-1,"501.60,3.20 501.60,92.80",89.60,13.89,F0F1_0,3,3,3
169,F0G0,F0,G0,-1,"503.20,-1.60 592.80,-1.60",89.60,13.89,F0G0_0,3,3,3
170,F1E1,F1,E1,-1,"492.80,101.60 407.20,101.60",85.60,13.89,F1E1_0,3,2,-1
171,F1F0,F1,F0,-1,"498.40,92.80 498.40,3.20",89.60,13.89,F1F0_0,3,3,3
172,F1F2,F1,F2,-1,"501.60,107.20 501.60,192.80",85.60,13.89,F1F2_0,3,3,3
173,F1G1,F1,G1,-1,"507.20,98.40 592.80,98.40",85.60,13.89,F1G1_0,3,3,3
174,F2F1,F2,F1,-1,"498.40,192.80 498.40,107.20",85.60,13.89,F2F1_0,3,3,3
175,F2F3,F2,F3,-1,"501.60,207.20 501.60,292.80",85.60,13.89,F2F3_0,3,3,3
176,F2G2,F2,G2,-1,"507.20,198.40 592.80,198.40",85.60,13.89,F2G2_0,3,3,3
177,F3E3,F3,E3,-1,"492.80,301.60 407.20,301.60",85.60,13.89,F3E3_0,3,2,-1
178,F3F2,F3,F2,-1,"498.40,292.80 498.40,207.20",85.60,13.89,F3F2_0,3,3,3
179,F3F4,F3,F4,-1,"501.60,307.20 501.60,396.80",89.60,13.89,F3F4_0,3,3,3
180,F3G3,F3,G3,-1,"507.20,298.40 592.80,298.40",85.60,13.89,F3G3_0,3,3,3
181,F4F3,F4,F3,-1,"498.40,396.80 498.40,307.20",89.60,13.89,F4F3_0,3,3,3
182,F4G4,F4,G4,-1,"503.20,398.40 592.80,398.40",89.60,13.89,F4G4_0,3,3,3
183,F5F6,F5,F6,-1,"501.60,503.20 501.60,592.80",89.60,13.89,F5F6_0,1,1,1
184,F5G5,F5,G5,-1,"503.20,498.40 592.80,498.40",89.60,13.89,F5G5_0,1,1,1
185,F6E6,F6,E6,-1,"492.80,601.60 407.20,601.60",85.60,13.89,F6E6_0,1,0,-1
186,F6F5,F6,F5,-1,"498.40,592.80 498.40,503.20",89.60,13.89,F6F5_0,1,1,1
187,F6F7,F6,F7,-1,"501.60,607.20 501.60,692.80",85.60,13.89,F6F7_0,1,1,1
188,F6G6,F6,G6,-1,"507.20,598.40 592.80,598.40",85.60,13.89,F6G6_0,1,1,1
189,F7F6,F7,F6,-1,"498.40,692.80 498.40,607.20",85.60,13.89,F7F6_0,1,1,1
190,F7F8,F7,F8,-1,"501.60,707.20 501.60,792.80",85.60,13.89,F7F8_0,1,1,1
191,F7G7,F7,G7,-1,"507.20,698.40 592.80,698.40",85.60,13.89,F7G7_0,1,1,1
192,F8E8,F8,E8,-1,"492.80,801.60 407.20,801.60",85.60,13.89,F8E8_0,1,0,-1
193,F8F7,F8,F7,-1,"498.40,792.80 498.40,707.20",85.60,13.89,F8F7_0,1,1,1
194,F8F9,F8,F9,-1,"501.60,807.20 501.60,896.80",89.60,13.89,F8F9_0,1,1,1
195,F8G8,F8,G8,-1,"507.20,798.40 592.80,798.40",85.60,13.89,F8G8_0,1,1,1
196,F9F8,F9,F8,-1,"498.40,896.80 498.40,807.20",89.60,13.89,F9F8_0,1,1,1
197,F9G9,F9,G9,-1,"503.20,898.40 592.80,898.40",89.60,13.89,F9G9_0,1,1,1
198,G0F0,G0,F0,-1,"592.80,1.60 503.20,1.60",89.60,13.89,G0F0_0,3,3,3
199,G0G1,G0,G1,-1,"601.60,7.20 601.60,92.80",85.60,13.89,G0G1_0,3,3,3
200,G0H0,G0,H0,-1,"607.20,-1.60 692.80,-1.60",85.60,13.89,G0H0_0,3,3,3
201,G1F1,G1,F1,-1,"592.80,101.60 507.20,101.60",85.60,13.89,G1F1_0,3,3,3
202,G1G0,G1,G0,-1,"598.40,92.80 598.40,7.20",85.60,13.89,G1G0_0,3,3,3
203,G1G2,G1,G2,-1,"601.60,107.20 601.60,192.80",85.60,13.89,G1G2_0,3,3,3
204,G1H1,G1,H1,-1,"607.20,98.40 692.80,98.40",85.60,13.89,G1H1_0,3,3,3
205,G2F2,G2,F2,-1,"592.80,201.60 507.20,201.60",85.60,13.89,G2F2_0,3,3,3
206,G2G1,G2,G1,-1,"598.40,192.80 598.40,107.20",85.60,13.89,G2G1_0,3,3,3
207,G2G3,G2,G3,-1,"601.60,207.20 601.60,292.80",85.60,13.89,G2G3_0,3,3,3
208,G2H2,G2,H2,-1,"607.20,198.40 692.80,198.40",85.60,13.89,G2H2_0,3,3,3
209,G3F3,G3,F3,-1,"592.80,301.60 507.20,301.60",85.60,13.89,G3F3_0,3,3,3
210,G3G2,G3,G2,-1,"598.40,292.80 598.40,207.20",85.60,13.89,G3G2_0,3,3,3
211,G3G4,G3,G4,-1,"601.60,307.20 601.60,392.80",85.60,13.89,G3G4_0,3,3,3
212,G3H3,G3,H3,-1,"607.20,298.40 692.80,298.40",85.60,13.89,G3H3_0,3,3,3
213,G4F4,G4,F4,-1,"592.80,401.60 503.20,401.60",89.60,13.89,G4F4_0,3,3,3
214,G4G3,G4,G3,-1,"598.40,392.80 598.40,307.20",85.60,13.89,G4G3_0,3,3,3
215,G4G5,G4,G5,-1,"601.60,407.20 601.60,492.80",85.60,13.89,G4G5_0,3,1,-1
216,G4H4,G4,H4,-1,"607.20,398.40 692.80,398.40",85.60,13.89,G4H4_0,3,3,3
217,G5F5,G5,F5,-1,"592.80,501.60 503.20,501.60",89.60,13.89,G5F5_0,1,1,1
218,G5G4,G5,G4,-1,"598.40,492.80 598.40,407.20",85.60,13.89,G5G4_0,1,3,-1
219,G5G6,G5,G6,-1,"601.60,507.20 601.60,592.80",85.60,13.89,G5G6_0,1,1,1
220,G5H5,G5,H5,-1,"607.20,498.40 692.80,498.40",85.60,13.89,G5H5_0,1,1,1
221,G6F6,G6,F6,-1,"592.80,601.60 507.20,601.60",85.60,13.89,G6F6_0,1,1,1
222,G6G5,G6,G5,-1,"598.40,592.80 598.40,507.20",85.60,13.89,G6G5_0,1,1,1
223,G6G7,G6,G7,-1,"601.60,607.20 601.60,692.80",85.60,13.89,G6G7_0,1,1,1
224,G6H6,G6,H6,-1,"607.20,598.40 692.80,598.40",85.60,13.89,G6H6_0,1,1,1
225,G7F7,G7,F7,-1,"592.80,701.60 507.20,701.60",85.60,13.89,G7F7_0,1,1,1
226,G7G6,G7,G6,-1,"598.40,692.80 598.40,607.20",85.60,13.89,G7G6_0,1,1,1
227,G7G8,G7,G8,-1,"601.60,707.20 601.60,792.80",85.60,13.89,G7G8_0,1,1,1
228,G7H7,G7,H7,-1,"607.20,698.40 692.80,698.40",85.60,13.89,G7H7_0,1,1,1
229,G8F8,G8,F8,-1,"592.80,801.60 507.20,801.60",85.60,13.89,G8F8_0,1,1,1
230,G8G7,G8,G7,-1,"598.40,792.80 598.40,707.20",85.60,13.89,G8G7_0,1,1,1
231,G8G9,G8,G9,-1,"601.60,807.20 601.60,892.80",85.60,13.89,G8G9_0,1,1,1
232,G8H8,G8,H8,-1,"607.20,798.40 692.80,798.40",85.60,13.89,G8H8_0,1,1,1
233,G9F9,G9,F9,-1,"592.80,901.60 503.20,901.60",89.60,13.89,G9F9_0,1,1,1
234,G9G8,G9,G8,-1,"598.40,892.80 598.40,807.20",85.60,13.89,G9G8_0,1,1,1
235,G9H9,G9,H9,-1,"607.20,898.40 692.80,898.40",85.60,13.89,G9H9_0,1,1,1
236,H0G0,H0,G0,-1,"692.80,1.60 607.20,1.60",85.60,13.89,H0G0_0,3,3,3
237,H0H1,H0,H1,-1,"701.60,7.20 701.60,92.80",85.60,13.89,H0H1_0,3,3,3
238,H0I0,H0,I0,-1,"707.20,-1.60 792.80,-1.60",85.60,13.89,H0I0_0,3,3,3
239,H1G1,H1,G1,-1,"692.80,101.60 607.20,101.60",85.60,13.89,H1G1_0,3,3,3
240,H1H0,H1,H0,-1,"698.40,92.80 698.40,7.20",85.60,13.89,H1H0_0,3,3,3
241,H1H2,H1,H2,-1,"701.60,107.20 701.60,192.80",85.60,13.89,H1H2_0,3,3,3
242,H1I1,H1,I1,-1,"707.20,98.40 792.80,98.40",85.60,13.89,H1I1_0,3,3,3
243,H2G2,H2,G2,-1,"692.80,201.60 607.20,201.60",85.60,13.89,H2G2_0,3,3,3
244,H2H1,H2,H1,-1,"698.40,192.80 698.40,107.20",85.60,13.89,H2H1_0,3,3,3
245,H2H3,H2,H3,-1,"701.60,207.20 701.60,292.80",85.60,13.89,H2H3_0,3,3,3
246,H2I2,H2,I2,-1,"707.20,198.40 792.80,198.40",85.60,13.89,H2I2_0,3,3,3
247,H3G3,H3,G3,-1,"692.80,301.60 607.20,301.60",85.60,13.89,H3G3_0,3,3,3
248,H3H2,H3,H2,-1,"698.40,292.80 698.40,207.20",85.60,13.89,H3H2_0,3,3,3
249,H3H4,H3,H4,-1,"701.60,307.20 701.60,392.80",85.60,13.89,H3H4_0,3,3,3
250,H3I3,H3,I3,-1,"707.20,298.40 792.80,298.40",85.60,13.89,H3I3_0,3,3,3
251,H4G4,H4,G4,-1,"692.80,401.60 607.20,401.60",85.60,13.89,H4G4_0,3,3,3
252,H4H3,H4,H3,-1,"698.40,392.80 698.40,307.20",85.60,13.89,H4H3_0,3,3,3
253,H4I4,H4,I4,-1,"707.20,398.40 792.80,398.40",85.60,13.89,H4I4_0,3,3,3
254,H5G5,H5,G5,-1,"692.80,501.60 607.20,501.60",85.60,13.89,H5G5_0,1,1,1
255,H5H6,H5,H6,-1,"701.60,507.20 701.60,592.80",85.60,13.89,H5H6_0,1,1,1
256,H5I5,H5,I5,-1,"707.20,498.40 792.80,498.40",85.60,13.89,H5I5_0,1,1,1
257,H6G6,H6,G6,-1,"692.80,601.60 607.20,601.60",85.60,13.89,H6G6_0,1,1,1
258,H6H5,H6,H5,-1,"698.40,592.80 698.40,507.20",85.60,13.89,H6H5_0,1,1,1
259,H6H7,H6,H7,-1,"701.60,607.20 701.60,692.80",85.60,13.89,H6H7_0,1,1,1
260,H6I6,H6,I6,-1,"707.20,598.40 792.80,598.40",85.60,13.89,H6I6_0,1,1,1
261,H7G7,H7,G7,-1,"692.80,701.60 607.20,701.60",85.60,13.89,H7G7_0,1,1,1
262,H7H6,H7,H6,-1,"698.40,692.80 698.40,607.20",85.60,13.89,H7H6_0,1,1,1
263,H7H8,H7,H8,-1,"701.60,707.20 701.60,792.80",85.60,13.89,H7H8_0,1,1,1
264,H7I7,H7,I7,-1,"707.20,698.40 792.80,698.40",85.60,13.89,H7I7_0,1,1,1
265,H8G8,H8,G8,-1,"692.80,801.60 607.20,801.60",85.60,13.89,H8G8_0,1,1,1
266,H8H7,H8,H7,-1,"698.40,792.80 698.40,707.20",85.60,13.89,H8H7_0,1,1,1
267,H8H9,H8,H9,-1,"701.60,807.20 701.60,892.80",85.60,13.89,H8H9_0,1,1,1
268,H8I8,H8,I8,-1,"707.20,798.40 792.80,798.40",85.60,13.89,H8I8_0,1,1,1
269,H9G9,H9,G9,-1,"692.80,901.60 607.20,901.60",85.60,13.89,H9G9_0,1,1,1
270,H9H8,H9,H8,-1,"698.40,892.80 698.40,807.20",85.60,13.89,H9H8_0,1,1,1
271,H9I9,H9,I9,-1,"707.20,898.40 792.80,898.40",85.60,13.89,H9I9_0,1,1,1
272,I0H0,I0,H0,-1,"792.80,1.60 707.20,1.60",85.60,13.89,I0H0_0,3,3,3
273,I0I1,I0,I1,-1,"801.60,7.20 801.60,92.80",85.60,13.89,I0I1_0,3,3,3
274,I0J0,I0,J0,-1,"807.20,-1.60 896.80,-1.60",89.60,13.89,I0J0_0,3,3,3
275,I1H1,I1,H1,-1,"792.80,101.60 707.20,101.60",85.60,13.89,I1H1_0,3,3,3
276,I1I0,I1,I0,-1,"798.40,92.80 798.40,7.20",85.60,13.89,I1I0_0,3,3,3
277,I1I2,I1,I2,-1,"801.60,107.20 801.60,192.80",85.60,13.89,I1I2_0,3,3,3
278,I1J1,I1,J1,-1,"807.20,98.40 892.80,98.40",85.60,13.89,I1J1_0,3,3,3
279,I2H2,I2,H2,-1,"792.80,201.60 707.20,201.60",85.60,13.89,I2H2_0,3,3,3
280,I2I1,I2,I1,-1,"798.40,192.80 798.40,107.20",85.60,13.89,I2I1_0,3,3,3
281,I2I3,I2,I3,-1,"801.60,207.20 801.60,292.80",85.60,13.89,I2I3_0,3,3,3
282,I2J2,I2,J2,-1,"807.20,198.40 892.80,198.40",85.60,13.89,I2J2_0,3,3,3
283,I3H3,I3,H3,-1,"792.80,301.60 707.20,301.60",85.60,13.89,I3H3_0,3,3,3
284,I3I2,I3,I2,-1,"798.40,292.80 798.40,207.20",85.60,13.89,I3I2_0,3,3,3
285,I3I4,I3,I4,-1,"801.60,307.20 801.60,392.80",85.60,13.89,I3I4_0,3,3,3
286,I3J3,I3,J3,-1,"807.20,298.40 892.80,298.40",85.60,13.89,I3J3_0,3,3,3
287,I4H4,I4,H4,-1,"792.80,401.60 707.20,401.60",85.60,13.89,I4H4_0,3,3,3
288,I4I3,I4,I3,-1,"798.40,392.80 798.40,307.20",85.60,13.89,I4I3_0,3,3,3
289,I4I5,I4,I5,-1,"801.60,407.20 801.60,492.80",85.60,13.89,I4I5_0,3,1,-1
290,I4J4,I4,J4,-1,"807.20,398.40 896.80,398.40",89.60,13.89,I4J4_0,3,3,3
291,I5H5,I5,H5,-1,"792.80,501.60 707.20,501.60",85.60,13.89,I5H5_0,1,1,1
292,I5I4,I5,I4,-1,"798.40,492.80 798.40,407.20",85.60,13.89,I5I4_0,1,3,-1
293,I5I6,I5,I6,-1,"801.60,507.20 801.60,592.80",85.60,13.89,I5I6_0,1,1,1
294,I5J5,I5,J5,-1,"807.20,498.40 896.80,498.40",89.60,13.89,I5J5_0,1,1,1
295,I6H6,I6,H6,-1,"792.80,601.60 707.20,601.60",85.60,13.89,I6H6_0,1,1,1
296,I6I5,I6,I5,-1,"798.40,592.80 798.40,507.20",85.60,13.89,I6I5_0,1,1,1
297,I6I7,I6,I7,-1,"801.60,607.20 801.60,692.80",85.60,13.89,I6I7_0,1,1,1
298,I6J6,I6,J6,-1,"807.20,598.40 892.80,598.40",85.60,13.89,I6J6_0,1,1,1
299,I7H7,I7,H7,-1,"792.80,701.60 707.20,701.60",85.60,13.89,I7H7_0,1,1,1
300,I7I6,I7,I6,-1,"798.40,692.80 798.40,607.20",85.60,13.89,I7I6_0,1,1,1
301,I7I8,I7,I8,-1,"801.60,707.20 801.60,792.80",85.60,13.89,I7I8_0,1,1,1
302,I7J7,I7,J7,-1,"807.20,698.40 892.80,698.40",85.60,13.89,I7J7_0,1,1,1
303,I8H8,I8,H8,-1,"792.80,801.60 707.20,801.60",85.60,13.89,I8H8_0,1,1,1
304,I8I7,I8,I7,-1,"798.40,792.80 798.40,707.20",85.60,13.89,I8I7_0,1,1,1
305,I8I9,I8,I9,-1,"801.60,807.20 801.60,892.80",85.60,13.89,I8I9_0,1,1,1
306,I8J8,I8,J8,-1,"807.20,798.40 892.80,798.40",85.60,13.89,I8J8_0,1,1,1
307,I9H9,I9,H9,-1,"792.80,901.60 707.20,901.60",85.60,13.89,I9H9_0,1,1,1
308,I9I8,I9,I8,-1,"798.40,892.80 798.40,807.20",85.60,13.89,I9I8_0,1,1,1
309,I9J9,I9,J9,-1,"807.20,898.40 896.80,898.40",89.60,13.89,I9J9_0,1,1,1
310,J0I0,J0,I0,-1,"896.80,1.60 807.20,1.60",89.60,13.89,J0I0_0,3,3,3
311,J0J1,J0,J1,-1,"901.60,3.20 901.60,92.80",89.60,13.89,J0J1_0,3,3,3
312,J1I1,J1,I1,-1,"892.80,101.60 807.20,101.60",85.60,13.89,J1I1_0,3,3,3
313,J1J0,J1,J0,-1,"898.40,92.80 898.40,3.20",89.60,13.89,J1J0_0,3,3,3
314,J1J2,J1,J2,-1,"901.60,107.20 901.60,192.80",85.60,13.89,J1J2_0,3,3,3
315,J2I2,J2,I2,-1,"892.80,201.60 807.20,201.60",85.60,13.89,J2I2_0,3,3,3
316,J2J1,J2,J1,-1,"898.40,192.80 898.40,107.20",85.60,13.89,J2J1_0,3,3,3
317,J2J3,J2,J3,-1,"901.60,207.20 901.60,292.80",85.60,13.89,J2J3_0,3,3,3
318,J3I3,J3,I3,-1,"892.80,301.60 807.20,301.60",85.60,13.89,J3I3_0,3,3,3
319,J3J2,J3,J2,-1,"898.40,292.80 898.40,207.20",85.60,13.89,J3J2_0,3,3,3
320,J3J4,J3,J4,-1,"901.60,307.20 901.60,396.80",89.60,13.89,J3J4_0,3,3,3
321,J4I4,J4,I4,-1,"896.80,401.60 807.20,401.60",89.60,13.89,J4I4_0,3,3,3
322,J4J3,J4,J3,-1,"898.40,396.80 898.40,307.20",89.60,13.89,J4J3_0,3,3,3
323,J5I5,J5,I5,-1,"896.80,501.60 807.20,501.60",89.60,13.89,J5I5_0,1,1,1
324,J5J6,J5,J6,-1,"901.60,503.20 901.60,592.80",89.60,13.89,J5J6_0,1,1,1
325,J6I6,J6,I6,-1,"892.80,601.60 807.20,601.60",85.60,13.89,J6I6_0,1,1,1
326,J6J5,J6,J5,-1,"898.40,592.80 898.40,503.20",89.60,13.89,J6J5_0,1,1,1
327,J6J7,J6,J7,-1,"901.60,607.20 901.60,692.80",85.60,13.89,J6J7_0,1,1,1
328,J7I7,J7,I7,-1,"892.80,701.60 807.20,701.60",85.60,13.89,J7I7_0,1,1,1
329,J7J6,J7,J6,-1,"898.40,692.80 898.40,607.20",85.60,13.89,J7J6_0,1,1,1
330,J7J8,J7,J8,-1,"901.60,707.20 901.60,792.80",85.60,13.89,J7J8_0,1,1,1
331,J8I8,J8,I8,-1,"892.80,801.60 807.20,801.60",85.60,13.89,J8I8_0,1,1,1
332,J8J7,J8,J7,-1,"898.40,792.80 898.40,707.20",85.60,13.89,J8J7_0,1,1,1
333,J8J9,J8,J9,-1,"901.60,807.20 901.60,896.80",89.60,13.89,J8J9_0,1,1,1
334,J9I9,J9,I9,-1,"896.80,901.60 807.20,901.60",89.60,13.89,J9I9_0,1,1,1
335,J9J8,J9,J8,-1,"898.40,896.80 898.40,807.20",89.60,13.89,J9J8_0,1,1,1
